Text;Size;Color;Angle;Font;Repeat;URL
人工智能;15;Random;Random;Random;Yes;
智能+;15;Random;Random;Random;Yes;
优化;10;Random;Random;Random;Yes;
预测;10;Random;Random;Random;Yes;
决策科学;10;Random;Random;Random;Yes;
数据;8;Random;Random;Random;Yes;
解决方案;8;Random;Random;Random;Yes;
核心算法;8;Random;Random;Random;Yes;
数据分析;8;Random;Random;Random;Yes;
定制化;8;Random;Random;Random;Yes;
精准化;8;Random;Random;Random;Yes;
效率;7;Random;Random;Random;Yes;
云计算;7;Random;Random;Random;Yes;
强竞争力;6;Random;Random;Random;Yes;
规划;6;Random;Random;Random;Yes;
咨询;6;Random;Random;Random;Yes;
客户反馈;6;Random;Random;Random;Yes;
利润提升;5;Random;Random;Random;Yes;
可视化;5;Random;Random;Random;Yes;
决策辅助;5;Random;Random;Random;Yes;
细化管理;4;Random;Random;Random;Yes;
机器学习;4;Random;Random;Random;Yes;
运筹优化;4;Random;Random;Random;Yes;
软件开发;4;Random;Random;Random;Yes;
行业经验;4;Random;Random;Random;Yes;
描述性分析;3;Random;Random;Random;Yes;
预测性分析;3;Random;Random;Random;Yes;
规范性分析;3;Random;Random;Random;Yes;
时序安排;3;Random;Random;Random;Yes;
路径规划;3;Random;Random;Random;Yes;
生产规划;3;Random;Random;Random;Yes;
产品定价;3;Random;Random;Random;Yes;
行业痛点;2;Random;Random;Random;Yes;
